imdb_title_id,title,original_title,year,date_published,genre,duration,country,language,director,writer,production_company,actors,description,avg_vote,votes,budget,usa_gross_income,worlwide_gross_income,metascore,reviews_from_users,reviews_from_critics
tt0000009,Miss Jerry,Miss Jerry,1894,1894-10-09,Romance,45,USA,None,Alexander Black,Alexander Black,Alexander Black Photoplays,"Blanche Bayliss, William Courtenay, Chauncey Depew",The adventures of a female reporter in the 1890s.,5.9,154,,,,,1,2
tt0000574,The Story of the Kelly Gang,The Story of the Kelly Gang,1906,26-12-06,"Biography, Crime, Drama",70,Australia,None,Charles Tait,Charles Tait,J. and N. Tait,"Elizabeth Tait, John Tait, Norman Campbell, Bella Cola, Will Coyne, Sam Crewes, Jack Ennis, John Forde, Vera Linden, Mr. Marshall, Mr. McKenzie, Frank Mills, Ollie Wilson",True story of notorious Australian outlaw Ned Kelly (1855-80).,6.1,589,"$2,250 ",,,,7,7
tt0001892,Den sorte dr??m,Den sorte dr??m,1911,19-08-11,Drama,53,"Germany, Denmark",,Urban Gad,"Urban Gad, Gebhard Sch??tzler-Perasini",Fotorama,"Asta Nielsen, Valdemar Psilander, Gunnar Helsengreen, Emil Albes, Hugo Flink, Mary Hagen","Two men of high rank are both wooing the beautiful and famous equestrian acrobat Stella. While Stella ignores the jeweler Hirsch, she accepts Count von Waldberg's offer to follow her home, ...",5.8,188,,,,,5,2
tt0002101,Cleopatra,Cleopatra,1912,13-11-12,"Drama, History",100,USA,English,Charles L. Gaskill,Victorien Sardou,Helen Gardner Picture Players,"Helen Gardner, Pearl Sindelar, Miss Fielding, Miss Robson, Helene Costello, Charles Sindelar, Mr. Howard, James R. Waite, Mr. Osborne, Harry Knowles, Mr. Paul, Mr. Brady, Mr. Corker",The fabled queen of Egypt's affair with Roman general Marc Antony is ultimately disastrous for both of them.,5.2,446,"$45,000 ",,,,25,3
tt0002130,L'Inferno,L'Inferno,1911,06-03-11,"Adventure, Drama, Fantasy",68,Italy,Italian,"Francesco Bertolini, Adolfo Padovan",Dante Alighieri,Milano Film,"Salvatore Papa, Arturo Pirovano, Giuseppe de Liguoro, Pier Delle Vigne, Augusto Milla, Attilio Motta, Emilise Beretta",Loosely adapted from Dante's Divine Comedy and inspired by the illustrations of Gustav Dor?? the original silent film has been restored and has a new score by Tangerine Dream.,7,2237,,,,,31,14
tt0002199,"From the Manger to the Cross; or, Jesus of Nazareth","From the Manger to the Cross; or, Jesus of Nazareth",1912,1913,"Biography, Drama",60,USA,English,Sidney Olcott,Gene Gauntier,Kalem Company,"R. Henderson Bland, Percy Dyer, Gene Gauntier, Alice Hollister, Samuel Morgan, James D. Ainsley, Robert G. Vignola, George Kellog, J.P. McGowan","An account of the life of Jesus Christ, based on the books of the New Testament: After Jesus' birth is foretold to his parents, he is born in Bethlehem, and is visited by shepherds and wise...",5.7,484,,,,,13,5
tt0002423,Madame DuBarry,Madame DuBarry,1919,26-11-19,"Biography, Drama, Romance",85,Germany,German,Ernst Lubitsch,"Norbert Falk, Hanns Kr??ly",Projektions-AG Union (PAGU),"Pola Negri, Emil Jannings, Harry Liedtke, Eduard von Winterstein, Reinhold Sch?¬nzel, Else Berna, Fred Immler, Gustav Czimeg, Karl Platen, Bernhard Goetzke, Magnus Stifter, Paul Biensfeldt, Willy Kaiser-Heyl, Alexander Ekert, Robert Sortsch-Pla","The story of Madame DuBarry, the mistress of Louis XV of France, and her loves in the time of the French revolution.",6.8,753,,,,,12,9
tt0002445,Quo Vadis?,Quo Vadis?,1913,01-03-13,"Drama, History",120,Italy,Italian,Enrico Guazzoni,"Henryk Sienkiewicz, Enrico Guazzoni",Societ?ÿ Italiana Cines,"Amleto Novelli, Gustavo Serena, Carlo Cattaneo, Amelia Cattaneo, Lea Giunchi, Bruto Castellani, Augusto Mastripietri, Cesare Moltini, Olga Brandini, Ignazio Lupi, Giovanni Gizzi, Lia Orlandini, Matilde Guillaume, Ida Carloni Talli, Giuseppe Gambardella","An epic Italian film ""Quo Vadis"" influenced many of the later movies.",6.2,273,ITL 45000,,,,7,5
tt0002452,Independenta Romaniei,Independenta Romaniei,1912,01-09-12,"History, War",120,Romania,,"Aristide Demetriade, Grigore Brezeanu","Aristide Demetriade, Petre Liciu",Societatea Filmului de Arta Leon Popescu,"Aristide Demetriade, Constanta Demetriade, Constantin Nottara, Pepi Machauer, Aurel Athanasescu, Jeny Metaxa-Doro, Nicolae Soreanu, Vasile Toneanu, Aristita Romanescu, Elvire Popesco, M. V??rgolici, C. Nedelcovici, Mihail Tancovici-Cosmin, Ion Dumitrescu, Gheorghe Meliseanu",The movie depicts the Romanian War of Independence (1877-1878).,6.7,198,ROL 400000,,,,4,1
tt0002461,Richard III,Richard III,1912,15-10-12,Drama,55,"France, USA",English,"Andr?? Calmettes, James Keane","James Keane, William Shakespeare",Le Film d'Art,"Robert Gemp, Frederick Warde, Albert Gardner, James Keane, George Moss, Howard Stuart, Virginia Rankin, Violet Stuart, Carey Lee, Carlotta De Felice",Richard of Gloucester uses manipulation and murder to gain the English throne.,5.5,225,"$30,000 ",,,,8,1
tt0002646,Atlantis,Atlantis,1913,26-12-13,Drama,121,Denmark,Danish,August Blom,"Axel Garde, Gerhart Hauptmann",Nordisk Film,"Olaf F??nss, Ida Orloff, Ebba Thomsen, Carl Lauritzen, Frederik Jacobsen, Charles Unthan, Torben Meyer, Svend Bille, Oluf Billesborg, Maja Bjerre-Lind, Cajus Bruun, Michael Curtiz, Marie Dinesen, Vera Esb??ll, Lily Frederiksen","After Dr. Friedrich's wife becomes mentally unstable and his research papers are rejected, he leaves the country to respite.",6.6,331,,,,,9,9
tt0002844,Fant??mas - ?? l'ombre de la guillotine,Fant??mas - ?? l'ombre de la guillotine,1913,12-05-13,"Crime, Drama",54,France,French,Louis Feuillade,"Marcel Allain, Louis Feuillade",Soci??t?? des Etablissements L. Gaumont,"Ren?? Navarre, Edmund Breon, Georges Melchior, Ren??e Carl, Jane Faber, Andr?? Volbert, Naudier, Maillard, Yvette Andr??yor, Andr?? Luguet",Inspector Juve is tasked to investigate and capture an infamous criminal Fantomas.,7,1944,,,,,9,28
tt0003014,Il calvario di una madre,Ingeborg Holm,1913,18-10-15,Drama,96,Sweden,,Victor Sj??str??m,Nils Krok,Svenska Biografteatern AB,"Hilda Borgstr??m, Aron Lindgren, Erik Lindholm, Georg Gr??nroos, William Larsson, Richard Lund, Carl Barcklind, Hugo Bj??rne, Bertil Malmstedt",Single mother is separated from her children due to financial struggles.,7.1,948,,,,,16,7
tt0003037,Juve contre Fant??mas,Juve contre Fant??mas,1913,08-09-13,"Crime, Drama",61,France,French,Louis Feuillade,"Marcel Allain, Louis Feuillade",Soci??t?? des Etablissements L. Gaumont,"Ren?? Navarre, Edmund Breon, Georges Melchior, Ren??e Carl, Yvette Andr??yor, Laurent Morl??as","In Part Two of Louis Feuillade's 5 1/2-hour epic follows Fant?Ÿ'mas, the criminal lord of Paris, master of disguise, the creeping assassin in black, as he is pursued by the equally resourceful Inspector Juve.",7,1349,,,,,8,23
tt0003102,Ma l'amor mio non muore...,Ma l'amor mio non muore...,1914,01-01-14,Drama,90,Italy,Italian,Mario Caserini,"Emiliano Bonetti, G. Monleone",Film Artistica Gloria,"Lyda Borelli, Mario Bonnard, Gian Paolo Rosmino, Vittorio Rossi Pianelli, Dante Cappelli, Maria Caserini, Camillo De Riso, Emilio Petacci, Antonio Monti, Letizia Quaranta, Felice Metellio, Gentile Miotti","Leslie Swayne, an adventurer, in order to obtain enough money to satisfy the needs of his extravagant life, has been bribed to steal the plans of the fortification from the staff officers ...",6.2,100,,,,,,4
tt0003131,Maudite soit la guerre,Maudite soit la guerre,1914,01-05-14,"Drama, War",50,Belgium,French,Alfred Machin,Alfred Machin,Belge Cin??ma Film,"Baert, Suzanne Berni, Fernand Crommelynck, Nadia D'Angely, Henri Goidsen, Albert Hendrickx, Maurice Auzat, Ren??e Bailly, Georges Etienne, Zizi Festerat, Lucien Mussi??re, R??ginald, Jane Tony","An army pilot is on a visit at the home of another army pilot in the neighboured country. He falls in love with his sister. After the outbreak of a war between the two countries, her ...",6.5,124,,,,,2,2
tt0003165,Le mort qui tue,Le mort qui tue,1913,06-11-13,"Crime, Drama, Mystery",90,France,French,Louis Feuillade,"Marcel Allain, Louis Feuillade",Soci??t?? des Etablissements L. Gaumont,"Ren?? Navarre, Edmund Breon, Georges Melchior, Andr?? Luguet, Luitz-Morat, Naudier, Armand Dutertre, Ren??e Carl, Fabienne Fabr??ges, Jane Faber, Marie Dorly, ??douard Math??","After a body disappears from inside the prison, a series of crimes take place, all seemingly by the dead man. With Juve presumed dead, Fandor must investigate alone. Will Fantomas finally be brought to justice?",7,1050,,,,,6,18
tt0003167,Amore di madre,"Home, Sweet Home",1914,17-05-14,Drama,55,USA,English,D.W. Griffith,"D.W. Griffith, H.E. Aitken",Majestic Motion Picture Company,"Henry B. Walthall, Josephine Crowell, Lillian Gish, Dorothy Gish, Fay Tincher, Mae Marsh, Spottiswoode Aitken, Robert Harron, Miriam Cooper, Mary Alden, Donald Crisp, James Kirkwood, Jack Pickford, Fred Burns, Courtenay Foote","John Howard Payne at his most miserable point in life, writes a song which becomes popular and inspires other people at some point in their lives.",5.8,187,,,,,6,
tt0003419,Lo studente di Praga,Der Student von Prag,1913,22-08-13,"Drama, Fantasy, Horror",85,Germany,"German, English","Paul Wegener, Stellan Rye","Hanns Heinz Ewers, Hanns Heinz Ewers",Deutsche Bioscop GmbH,"Paul Wegener, Grete Berger, Lyda Salmonova, John Gottowt, Lothar K??rner, Fritz Weidemann","Balduin, a student of Prague, leaves his roystering companions in the beer garden, when he finds he has reached the end of his resources. He is scarcely seated in a quiet corner when a ...",6.5,1768,,,,,20,26
tt0003471,Traffic in Souls,Traffic in Souls,1913,24-11-13,"Crime, Drama",88,USA,English,George Loane Tucker,,Independent Moving Pictures Co. of America (IMP),"Jane Gail, Ethel Grandin, William H. Turner, Matt Moore, William Welsh, Millie Liston, Irene Wallace, William Cavanaugh, Arthur Hunter, Howard Crampton, W.H. Bainbridge, Luray Huntley, William Powers, Jack Poulton, Edward Boring","A woman, with the aid of her police officer sweetheart, endeavors to uncover the prostitution ring that has kidnapped her sister, and the philanthropist who secretly runs it.",6,552,"$5,700 ",,,,14,11
tt0003489,Gli ultimi giorni di Pompei,Gli ultimi giorni di Pompei,1913,24-08-13,"Adventure, Drama",88,Italy,Italian,"Mario Caserini, Eleuterio Rodolfi","Edward George Bulwer-Lytton, Mario Caserini",Societ?ÿ Anonima Ambrosio,"Fernanda Negri Pouget, Eugenia Tettoni Fior, Ubaldo Stefani, Antonio Grisanti, Cesare Gani Carini, Vitale Di Stefano, Maria Brioschi, Carlo Campogalliani, Ersilia Scalpellini, Ercole Vaser, Cesare Zocchi",Two love triangles intersect in ancient Pompei.,6.2,474,,,,,13,7
tt0003637,Assunta Spina,Assunta Spina,1915,01-05-16,Drama,72,Italy,,"Francesca Bertini, Gustavo Serena","Salvatore Di Giacomo, Francesca Bertini",Caesar Film,"Francesca Bertini, Gustavo Serena, Carlo Benetti, Luciano Albertini, Amelia Cipriani, Antonio Cruichi, Alberto Collo, Alberto Albertini",Assunta Spina is a tragedy set in Naples at the beginning of the twentieth century. Assunta and Michele are in love but others come between them and there is much jealousy. They fight and ...,6.4,378,,,,,7,2
tt0003643,The Avenging Conscience: or 'Thou Shalt Not Kill',The Avenging Conscience: or 'Thou Shalt Not Kill',1914,24-08-14,"Crime, Drama, Horror",78,USA,English,D.W. Griffith,"Edgar Allan Poe, D.W. Griffith",Majestic Motion Picture Company,"Henry B. Walthall, Spottiswoode Aitken, Blanche Sweet, George Siegmann, Ralph Lewis, Mae Marsh, Robert Harron, George Beranger","Prevented from dating his sweetheart by his uncle, a young man turns his thoughts to murder.",6.4,1105,,,,,14,11
tt0003657,The Bargain,The Bargain,1914,03-12-14,Western,70,USA,English,Reginald Barker,"William H. Clifford, Thomas H. Ince",New York Motion Picture,"William S. Hart, J. Frank Burke, Clara Williams, J. Barney Sherry, Joseph J. Dowling","After the bandit Jim Stokes robs the stage he is wounded fleeing. Recuperating at a ranch, he falls in love with and marries the daughter. Now wishing to go straight he tries to return the ...",6.5,144,,,,,8,3
tt0003740,Cabiria,Cabiria,1914,18-04-14,"Adventure, Drama, History",148,Italy,Italian,Giovanni Pastrone,"Gabriele D'Annunzio, Titus Livius",Itala Film,"Carolina Catena, Lidia Quaranta, Gina Marangoni, Dante Testa, Umberto Mozzato, Bartolomeo Pagano, Raffaele di Napoli, Emilio Vardannes, Edoardo Davesnes, Italia Almirante-Manzini, Alex Bernard, Luigi Chellini, Vitale Di Stefano, Enrico Gemelli, Ignazio Lupi","Cabiria is a Roman child when her home is destroyed by a volcano. Sold in Carthage to be sacrificed in a temple, is saved by Fulvio, a Roman spy. But danger lurks, and hatred between Rome and Carthage can only lead to war.",7.1,3073,"$210,000 ",,,,31,26
tt0003772,Cinderella,Cinderella,1914,28-12-14,"Fantasy, Drama",52,USA,English,James Kirkwood,Charles Perrault,Famous Players Film Company,"Mary Pickford, Owen Moore, Isabel Vernon, Georgia Wilson, Lucille Carney, W.N. Cone, Inez Ranous","Though mistreated by her cruel stepmother and stepsisters, Cinderella is able to attend the royal ball through the help of a fairy godmother.",6,929,,,,,10,3
tt0003883,L'enfant de Paris,L'enfant de Paris,1913,17-09-13,"Crime, Drama",124,France,French,L??once Perret,L??once Perret,Soci??t?? des Etablissements L. Gaumont,"L??once Perret, Louis Leubas, Maurice Lagren??e, ??mile Keppens, Marc G??rard, Henri Duval, Marie Dorly, Suzanne Le Bret, Jeanne Marie-Laurent, Adrien Petit, Suzanne Privat","The young daughter of an army captain missing in action runs away from school and is kidnapped by Parisian lowlifes. When the kidnapper flees to Nice with the child, the kind-hearted employee of one of his accomplices sets off in pursuit.",7.5,303,,,,,7,4
tt0003930,Fant??mas contre Fant??mas,Fant??mas contre Fant??mas,1914,10-01-14,"Crime, Drama",59,France,French,Louis Feuillade,"Marcel Allain, Louis Feuillade",Soci??t?? des Etablissements L. Gaumont,"Ren?? Navarre, Georges Melchior, Laurent Morl??as, Ren??e Carl, Jane Faber, Yvette Andr??yor, Edmund Breon, Naudier","The mystery of the drama is the appearance of the finger-print of a dead artist upon the neck of Princess Sonia Danidoff, whom Fantomas, as Nanteuil, relieves of her pearl necklace, and ...",6.9,1161,,,,,5,18
tt0003973,A Florida Enchantment,A Florida Enchantment,1914,04-09-16,Comedy,63,USA,English,Sidney Drew,"Marguerite Bertsch, Archibald Clavering Gunter",Vitagraph Company of America,"Sidney Drew, Edith Storey, Charles Kent, Mrs. Sidney Drew, Ada Gifford, Ethel Lloyd, Lillian Burns, Grace Stevens, Allan Campbell, Cortland Van Deusen, Frank O'Neil","A young woman discovers a seed that can make women act like men and men act like women. She decides to take one, then slips one to her maid and another to her fianc??. The fun begins.",5.8,202,,,,,6,3
tt0004026,Der Golem,Der Golem,1915,08-04-15,Horror,60,Germany,German,"Henrik Galeen, Paul Wegener","Henrik Galeen, Paul Wegener",Deutsche Bioscop GmbH,"Paul Wegener, Henrik Galeen, Lyda Salmonova, Rudolf Bl?¬mner, Robert A. Dietrich, Carl Ebert, Jakob Tiedtke","In this version of the golem legend, the golem, a clay statue brought to life by Rabbi Loew in 16th century Prague to save the Jews from the ongoing brutal persecution by the city's rulers,...",6.8,1040,,,,,5,
tt0004066,Det hemmelighedsfulde X,Det hemmelighedsfulde X,1914,23-03-14,"Drama, Mystery",84,Denmark,Danish,Benjamin Christensen,"Benjamin Christensen, Laurids Skands",Dansk Biograf Compagni,"Benjamin Christensen, Karen Caspersen, Otto Reinwald, Fritz Lamprecht, Amanda Lund, Hermann Spiro, Bj??rn Spiro, Holger Bjerre, Otto Lagoni, Charles L??waas, Holger Rasmussen, Svend Rindom, Robert Schmidt, Finn Wennerwald","On the brink of war, Lt. van Hauen is summoned to take command of the cruiser, but due to unforeseen events, he is wrongfully convicted as a traitor.",7,503,,,,,7,4
tt0004099,"His Majesty, the Scarecrow of Oz","His Majesty, the Scarecrow of Oz",1914,14-10-14,"Family, Fantasy, Adventure",59,USA,English,J. Farrell MacDonald,"L. Frank Baum, L. Frank Baum",The Oz Film Manufacturing Company,"Violet MacMillan, Frank Moore, Pierre Couderc, Fred Woodward, Raymond Russell, Arthur Smollet, J. Charles Haydon, Todd Wright, Vivian Reed, Mai Wells, Mildred Harris, Louise Emmons, Jacqueline Lovell","A wicked king has taken over the Emerald City, and wants his daughter, Princess Gloria, to marry the horrid courtier Googly-Goo, though she loves Pon, the Gardener's Boy. The camera now ...",5.2,415,"$23,500 ",,,,11,7
tt0004134,Hypocrites,Hypocrites,1915,20-01-15,Drama,54,USA,English,Lois Weber,Lois Weber,Hobart Bosworth Productions,"Courtenay Foote, Myrtle Stedman, Herbert Standing, Adele Farrington","The parallel stories of a modern preacher and a medieval monk, Gabriel the Ascetic, who is killed by an ignorant mob for making a nude statue representing Truth, which is also represented by a ghostly naked girl who flits throughout the film.",6.6,456,,,,,41,9
tt0004150,In the Land of the Head Hunters,In the Land of the Head Hunters,1914,07-12-14,"Drama, History",65,"USA, Canada",English,Edward S. Curtis,Edward S. Curtis,Seattle Film Co.,"Stanley Hunt, Sarah Constance Smith Hunt, Mrs. George Walkus, Paddy 'Malid, Balutsa, Kwagwanu, Francine Hunt, Bob Wilson, Awidi, Alfred Charlie","In 1911, as part of his massive undertaking, famed Northwest photographer Edward S. Curtis travelled to Vancouver Island, British Columbia, to visit the Kwakwaka'wakw. By the next year, ...",5.8,402,,,,,8,11
tt0004181,Judith of Bethulia,Judith of Bethulia,1914,08-03-14,Drama,61,USA,English,D.W. Griffith,"Thomas Bailey Aldrich, D.W. Griffith",Biograph Company,"Blanche Sweet, Henry B. Walthall, Mae Marsh, Robert Harron, Kate Bruce, Lillian Gish, J. Jiquel Lanoe, Gertrude Bambrick, Dorothy Gish, Harry Carey","A religious woman seeks to save her people from destruction by seducing and murdering the enemy leader, but her plans get complicated once she falls for him.",6.1,1239,"$40,000 ",,,,16,9
tt0004457,The Patchwork Girl of Oz,The Patchwork Girl of Oz,1914,28-09-14,"Adventure, Family, Fantasy",81,USA,English,J. Farrell MacDonald,"L. Frank Baum, L. Frank Baum",The Oz Film Manufacturing Company,"Violet MacMillan, Frank Moore, Raymond Russell, Leontine Dranet, Bobbie Gould, Marie Wayne, Richard Rosson, Frank Bristol, Fred Woodward, Todd Wright, Bert Glennon, Hal Roach, Dave Anderson, Jessie May Walsh, William Cook","Ojo and Unc Nunkie are out of food, so they decide to journey to the Emerald City where they will never starve. Along the way, they meet Mewel, a waif and stray (mule) who leads them to Dr....",5.5,382,,,,,16,5
tt0004465,The Perils of Pauline,The Perils of Pauline,1914,23-03-14,"Action, Adventure, Drama",199,USA,English,"Louis J. Gasnier, Donald MacKenzie","Charles W. Goddard, Basil Dickey",Path?? Fr??res,"Pearl White, Crane Wilbur, Paul Panzer, Edward Jos??, Francis Carlyle, Clifford Bruce, Donald MacKenzie, Jack Standing, Eleanor Woodruff, Leroy Baker, Louise Du Pre, Oscar Nye, Sam J. Ryan, Louis J. Gasnier, Joe Cuny","Young Pauline is left a lot of money when her wealthy uncle dies. However, her uncle's secretary has been named as her guardian until she marries, at which time she will officially take ...",6.3,939,"$25,000 ",,,,5,8
tt0004635,The Squaw Man,The Squaw Man,1914,15-02-14,"Action, Drama, Romance",74,USA,English,"Oscar Apfel, Cecil B. DeMille","Edwin Milton Royle, Cecil B. DeMille",Jesse L. Lasky Feature Play Company,"Dustin Farnum, Monroe Salisbury, Winifred Kingston, Mrs. A.W. Filson, Haidee Fuller, Red Wing, Foster Knox, Fred Montague, 'Baby' Carmen De Rue, Fernando G?­lvez, Eugene De Rue, H.R. Macy, H.L. Swisher, Michael J. Kilpatrick, Sydney Deane",A chivalrous British officer takes the blame for his cousin's embezzlement and journeys to the American West to start a new life on a cattle ranch.,5.7,879,"$20,000 ",,,,8,3
tt0004681,La madonnina del porto,Tess of the Storm Country,1914,30-03-14,Drama,80,USA,English,Edwin S. Porter,"Grace Miller White, B.P. Schulberg",Famous Players Film Company,"Mary Pickford, Harold Lockwood, Olive Carey, David Hartford, Louise Dunlap, William Walters, Richard Garrick, Eugene Walter, Jack Henry, H.R. Macy, H.L. Griffith","A wealthy resident attempts to dispossess squatters who live near his home, which leads to a false accusation of murder.",6.1,178,"$10,000 ",,,,5,3
tt0004707,Tillie's Punctured Romance,Tillie's Punctured Romance,1914,21-12-14,Comedy,82,USA,"None, English","Mack Sennett, Charles Bennett",,Keystone Film Company,"Marie Dressler, Charles Chaplin, Mabel Normand, Mack Swain, Charles Bennett, Chester Conklin",A con man from the city dupes a wealthy country girl into marriage.,6.3,3250,"$50,000 ",,,,38,18
tt0004712,A tolonc,A tolonc,1915,20-03-15,Drama,67,Hungary,Hungarian,Michael Curtiz,"Jen?? Janovics, Ede T??th",ProJa Filmgy?­r,"Lili Berky, Victor Varconi, Mari J?­szai, Andor Szak?­cs, Gyula Nagy, Marcsa Simon, Istv?­n Szentgy??rgyi, Alajos M??sz?­ros, Kat?? Berky, Elem??r Het??nyi, Zolt?­n G?­losi, Endre Kert??sz, F?¬l??p Erd?æs, Adorj?­n Nagy, Mih?­ly Fekete","Betty (Lili Berky, Duel For Nothing), a young woman living in the country, is told by her dying father that he is really her uncle and raised her as his own when her mother was sent to ...",6.3,165,,,,,1,9
tt0004743,Uncle Tom's Cabin,Uncle Tom's Cabin,1914,10-08-14,Drama,54,USA,,William Robert Daly,"Harriet Beecher Stowe, George L. Aiken",World Film,"Sam Lucas, Walter Hitchcock, Hattie Delaro, Master Abernathy, Teresa Michelena, Irving Cummings, Paul Scardon, Marie Eline, Garfield Thompson, Roy Applegate, Boots Wall",A black and white silent film based on Harriet Beecher Stowe's novel documenting the life and times of Uncle Tom.,5.3,112,,,,,4,
tt0004766,The Virginian,The Virginian,1914,07-09-14,Western,55,USA,English,Cecil B. DeMille,"Owen Wister, Kirk La Shelle",Jesse L. Lasky Feature Play Company,"Dustin Farnum, Jack W. Johnston, Sydney Deane, William Elmer, Winifred Kingston, James Griswold, Horace B. Carpenter, Tex Driscoll","A good-natured but chivalrous cowboy romances the local schoolmarm and leads the posse that brings a gang of rustlers, which includes his best friend, to justice.",5.6,174,"$17,022 ",,,,12,
tt0004825,The Wishing Ring: An Idyll of Old England,The Wishing Ring: An Idyll of Old England,1914,09-11-14,"Comedy, Drama",54,USA,English,Maurice Tourneur,"Owen Davis, Maurice Tourneur",Shubert Film Corporation,"Vivian Martin, Alec B. Francis, Chester Barnett, Gyp Williams, Simeon Wiltsie, Walter Morton, Johnny Hines","After being expelled from college, Giles runs away from home and meets a young lady who he falls for.",6.4,242,,,,,6,2
tt0004838,The Wrath of the Gods,The Wrath of the Gods,1914,08-06-14,"Drama, Romance",56,USA,English,Reginald Barker,"William H. Clifford, Thomas H. Ince",New York Motion Picture,"Sessue Hayakawa, Tsuru Aoki, Frank Borzage, Kisabur?? Kurihara, Henry Kotani, Gladys Brockwell, Herschel Mayall",An American sailor falls in love with a fisherman's daughter and convinces her that Jesus is more powerful than the gods who have cursed her.,5.7,138,,,,,5,2
tt0004872,Alias Jimmy Valentine,Alias Jimmy Valentine,1915,22-02-15,"Crime, Drama",65,USA,English,Maurice Tourneur,"Paul Armstrong, O. Henry",Peerless Productions,"Robert Warwick, Robert Cummings, Alec B. Francis, Frederick Truesdell, Ruth Shepley, Johnny Hines, D.J. Flanagan, Walter Craven, John Boone, George Cummings, Thomas Mott Osborne","After robbing a bank, a criminal is wrongfully pardoned from prison.",6.6,206,,,,,4,3
tt0004873,Alice in Wonderland,Alice in Wonderland,1915,19-01-15,"Adventure, Family, Fantasy",52,USA,English,W.W. Young,"Lewis Carroll, W.W. Young",Nonpareil Feature Film Corp.,"Viola Savoy, Herbert Rice, Harry Marks, Louis Merkle, William Tilden",Alice goes with her sister to a picnic and then she falls asleep and starts dreaming about a wonderland full of talking animals and walking playing cards.,6.2,394,"$50,000 ",,,,11,8
tt0004972,Nascita di una nazione,The Birth of a Nation,1915,21-03-15,"Drama, History, War",195,USA,None,D.W. Griffith,"Thomas Dixon Jr., Thomas Dixon Jr.",David W. Griffith Corp.,"Henry B. Walthall, Lillian Gish, Mae Marsh, Miriam Cooper, Mary Alden, Ralph Lewis, George Siegmann, Walter Long, Robert Harron, Wallace Reid, Joseph Henabery, Elmer Clifton, Josephine Crowell, Spottiswoode Aitken, George Beranger","The Stoneman family finds its friendship with the Camerons affected by the Civil War, both fighting in opposite armies. The development of the war in their lives plays through to Lincoln's assassination and the birth of the Ku Klux Klan.",6.3,22213,"$100,000 ",,,,368,97
tt0005060,Carmen,Carmen,1915,31-10-15,Drama,59,USA,English,Cecil B. DeMille,"Prosper M??rim??e, William C. de Mille",Jesse L. Lasky Feature Play Company,"Geraldine Farrar, Wallace Reid, Pedro de Cordoba, Horace B. Carpenter, William Elmer, Jeanie Macpherson, Anita King, Milton Brown, Tex Driscoll","In order to help her smuggler kinsmen, a sultry gypsy seduces and corrupts an officer of the Civil Guard turning him into a traitor and murderer.",6.4,894,"$23,430 ",,,,20,8
tt0005078,The Cheat,The Cheat,1915,13-12-15,"Drama, Romance",59,USA,English,Cecil B. DeMille,"Hector Turnbull, Jeanie Macpherson",Jesse L. Lasky Feature Play Company,"Fannie Ward, Sessue Hayakawa, Jack Dean, James Neill, Yutaka Abe, Dana Ong, Hazel Childers, Arthur H. Williams","A venal, spoiled stockbroker's wife impulsively embezzles $10,000 from the charity she chairs and desperately turns to a Burmese ivory trader to replace the stolen money.",6.6,2305,"$17,311 ",,,,38,19
tt0005149,The Coward,The Coward,1915,14-11-15,"Drama, History, War",77,USA,English,"Reginald Barker, Thomas H. Ince","Thomas H. Ince, Thomas H. Ince",Kay-Bee Pictures,"Frank Keenan, Charles Ray, Gertrude Claire, Patricia Palmer, Nick Cogley, Charles K. French, Minnie Devereaux","Colonel Winslow, veteran of the Mexican War, hopes for a great future for his only son, Frank. At the outbreak of the Civil War, a recruiting station is opened in the Virginia village where...",6,244,"$18,000 ",,,,15,3
tt0005339,La vampira,A Fool There Was,1915,12-01-15,Drama,67,USA,English,Frank Powell,"Porter Emerson Browne, Roy L. McCardell",Fox Film Corporation,"Runa Hodges, Mabel Frenyear, Edward Jos??, May Allison, Clifford Bruce, Theda Bara, Victor Benoit, Frank Powell, Minna Gale, Creighton Hale",A married diplomat falls hopelessly under the spell of a predatory woman.,5.8,783,,,,,20,14
tt0005402,The Golden Chance,The Golden Chance,1915,30-12-15,Drama,74,USA,English,Cecil B. DeMille,"Cecil B. DeMille, Jeanie Macpherson",Jesse L. Lasky Feature Play Company,"Cleo Ridgely, Wallace Reid, Horace B. Carpenter, Ernest Joy, Edythe Chapman, Raymond Hatton, William Elmer, Mrs. Lewis McCord",Mary Denby becomes a seamstress after her husband Steve wastes their money on booze. Her employer provides her as an escort to accompany millionaire Roger Manning. Her husband tries ...,6.4,187,"$18,711 ",,,,10,1
tt0005529,H??vnens Nat,H??vnens Nat,1916,25-09-16,"Crime, Drama, Horror",100,Denmark,,Benjamin Christensen,Benjamin Christensen,Dansk Biograf Compagni,"Benjamin Christensen, Karen Caspersen, Peter Fjelstrup, Charles Wilken, Ulla Johansen, Jon Iversen, Aage Schmidt, Mathilde Nielsen, Carl Gottschalksen, Grethe Brandes, Elith Pio, Fritz Lamprecht, Osvald Helmuth, Otto Reinwald, J??rgen Lund","A criminal escapes from prison, however a betrayal leads to his second arrest.",6.8,268,,,,,7,2
tt0005557,The Italian,The Italian,1915,01-01-15,Drama,72,USA,English,Reginald Barker,"Thomas H. Ince, C. Gardner Sullivan",New York Motion Picture,"George Beban, Clara Williams, J. Frank Burke, Leo Willis, Fanny Midgley",An immigrant leaves his sweetheart in Italy to find a better life across the sea in the grimy slums of New York. They are eventually reunited and marry. But life in New York is hard and ...,6.6,293,,,,,13,3
tt0005680,Maciste,Maciste,1915,1915,Adventure,67,Italy,Italian,"Luigi Romano Borgnetto, Vincenzo Denizot","Agnes Fletcher Bain, Giovanni Pastrone",Itala Film,"Bartolomeo Pagano, Leone Papa, Clementina Gay, Amelia Chellini, Didaco Chellini, Ada Marangoni","A young girl, pursued by a band of conspirators, hides in a movie theatre where she watches the film Cabiria. She determines to seek the aid of that film's strongman, Maciste. When she ...",5.9,130,,,,,3,5
tt0005719,Martyrs of the Alamo,Martyrs of the Alamo,1915,21-11-15,"Drama, History, War",71,USA,English,Christy Cabanne,"Christy Cabanne, Theodosia Harris",Fine Arts Film Company,"Sam De Grasse, Allan Sears, Walter Long, Alfred Paget, Fred Burns, John T. Dillon, Juanita Hansen, Ora Carew, Tom Wilson, Augustus Carney",The story of the defense of the mission-turned-fortress by 185 Texans against an overwhelming Mexican army in 1836.,5.6,138,,,,,5,1
tt0005809,The Nigger,The Nigger,1915,29-03-15,Drama,50,USA,English,Edgar Lewis,"Edgar Lewis, Edward Sheldon",Fox Film Corporation,"William Farnum, Claire Whitney, George De Carlton, Henry Armetta","Philip Morrow grows to manhood in the belief that the blood in his veins is the most aristocratic in the South. ""Clif"" Noyes, a distiller of whiskey of the fiery brand manufactured for ...",6.1,300,,,,,,
tt0005916,Posle smerti,Posle smerti,1915,29-12-15,Drama,46,Russia,Russian,Yevgeny Bauer,"Yevgeny Bauer, Ivan Turgenev",Khanzhonkov,"Vitold Polonsky, Olga Rakhmanova, Vera Karalli, Mariya Khalatova, Tamara Gedevanova, Marfa Kassatskaya, Georg Asagaroff","Andrei lives a secluded life with his aunt, studying and thinking about his now-deceased mother. His friend Tsenin is concerned, and tries to get Andrei to accompany him to social events. ...",6.9,794,,,,,11,6
tt0005951,Rapsodia satanica,Rapsodia satanica,1917,01-07-17,"Drama, Fantasy, Horror",55,Italy,,Nino Oxilia,"Alberto Fassini, Alberto Fassini",Societ?ÿ Italiana Cines,"Lyda Borelli, Andrea Habay, Ugo Bazzini, Giovanni Cini","A Faustian tale about an old woman who makes a pact with Mephisto to regain her youth, in return she must stay away from love. After the deal she meets two brothers who fall in love with her.",6.9,597,,,,,5,5
tt0005960,La rigenerazione,The Regeneration,1915,13-09-15,"Biography, Crime, Drama",72,USA,English,Raoul Walsh,"Owen Frawley Kildare, Raoul Walsh",Fox Film Corporation,"John McCann, James A. Marcus, Maggie Weston, Harry McCoy, Rockliffe Fellowes, William Sheer, Carl Harbaugh, Anna Q. Nilsson",A boy surrounded by violence grows up to become an infamous gangster.,6.8,1110,,,,,17,15
tt0006206,I vampiri,Les vampires,1915,13-11-15,"Action, Adventure, Crime",421,France,French,Louis Feuillade,Louis Feuillade,Soci??t?? des Etablissements L. Gaumont,"Musidora, ??douard Math??, Marcel L??vesque, Jean Aym??, Fernand Herrmann, Stacia Napierkowska, Ren??e Carl, Suzanne Delv??, Georgette Faraboni, Jacques Feyder, Fridolin, Rita Herlor, ??mile Keppens, Louise Lagrange, Suzanne Le Bret",An intrepid reporter and his loyal friend battle a bizarre secret society of criminals known as The Vampires.,7.3,4166,,,,,25,53
tt0006327,Young Romance,Young Romance,1915,21-01-15,Comedy,59,USA,English,George Melford,"William C. de Mille, William C. de Mille",Jesse L. Lasky Feature Play Company,"Edith Taliaferro, Florence Dagmar, Tom Forman, Frederick Wilson, Al Ernest Garcia, Marshall Mackaye, Harry De Vere, J. Parks Jones, Violet Drew, Mrs. Lewis McCord, Gertrude Kellar, Charles Wells, Dorothy Abril, Miss White, Raymond Hatton","Young Romance, released in 1915, is a recent rediscovery that forever silences the claim that refined comedy cannot be conveyed via the screen. This disguise plot, worthy of an Elizabethan ...",5.9,151,,,,,7,1
tt0006333,"20,000 Leagues Under the Sea","20,000 Leagues Under the Sea",1916,24-12-16,"Action, Adventure, Sci-Fi",105,USA,English,Stuart Paton,Jules Verne,Williamson Submarine Film Corporation,"Dan Hanlon, Edna Pendleton, Curtis Benton, Allen Holubar, Matt Moore, Jane Gail, Howard Crampton, William Welsh, Lois Alexander, Wallis Clark",A French professor and his daughter accompany Captain Nemo on an adventure aboard a submarine.,6.2,1501,"$200,000 ",,,,28,24
tt0006509,The Children in the House,The Children in the House,1916,30-04-16,Drama,50,USA,English,"Chester M. Franklin, Sidney Franklin",Roy Somerville,Fine Arts Film Company,"Norma Talmadge, Alice Wilson, Jewel Carmen, William Hinckley, W.E. Lawrence, George C. Pearce, Eugene Pallette, Walter Long, Alva D. Blake, Georgie Stone, Violet Radcliffe, 'Baby' Carmen De Rue, Francis Carpenter, Ninon Fovieri",Roy Somerville has turned out a rather interesting story that will hold the interest of the majority of audiences as produced by the Triangle-Fine Arts Company. It is a five-reel feature ...,4.5,559,,,,,5,
tt0006517,Civilization,Civilization,1915,02-06-16,Drama,85,USA,English,"Reginald Barker, Thomas H. Ince",C. Gardner Sullivan,Thomas H. Ince Corporation,"Howard Hickman, Enid Markey, Lola May, Kate Bruce, J. Frank Burke, Claire Du Brey, George Fisher, Charles K. French, Thomas H. Ince, Herschel Mayall, Fanny Midgley, J. Barney Sherry, Jerome Storm, Ethel Ullman, Woodrow Wilson",Christ takes on the form of a pacifist count to end a senseless war.,6,283,,,,,8,6
tt0006589,The Devil's Needle,The Devil's Needle,1916,13-08-16,Drama,59,USA,English,Chester Withey,"Roy Somerville, Chester Withey",Fine Arts Film Company,"Tully Marshall, Norma Talmadge, Marguerite Marsh, F.A. Turner, Howard Gaye, John E. Brennan, Paul Le Blanc","Wynne Mortimer, a pampered society girl and daughter of William Mortimer, a prominent business man, chances to meet David White, a young artist whose fame is already assured, at an art ...",6.8,123,,,,,4,11
tt0006617,D??dskyssen,D??dskyssen,1916,25-08-16,"Comedy, Crime, Drama",60,Sweden,,Victor Sj??str??m,"A.V. Samsj??, Sam Ask",Svenska Biografteatern AB,"Victor Sj??str??m, Albin Lav??n, Mathias Taube, Wanda Rothgardt, Jenny Tschernichin-Larsson",Dr Monro is found dead in his home. Three people are testifying before the police about what happened.,6.1,199,,,,,,1
tt0006688,Flirting with Fate,Flirting with Fate,1916,09-07-16,"Adventure, Comedy",57,USA,English,Christy Cabanne,Robert M. Baker,Fine Arts Film Company,"Douglas Fairbanks, Jewel Carmen, Howard Gaye, W.E. Lawrence, George Beranger, Dorothy Haydel, Lillian Langdon, Wilbur Higby, J.P. McCarty","In the midst of an emotional depression, a man hires a murderer to kill him. But the despair soon passes, and the man must now escape the killer he's hired to end his life.",6.4,143,,,,,6,3
tt0006731,Going Straight,Going Straight,1916,04-06-16,"Crime, Drama",60,USA,English,"Chester M. Franklin, Sidney Franklin",Bernard McConville,Fine Arts Film Company,"Norma Talmadge, Ralph Lewis, Ninon Fovieri, Francis Carpenter, Fern Collier, Ruth Handforth, Eugene Pallette, Georgie Stone, Kate Toncray, 'Baby' Carmen De Rue, Violet Radcliffe","A man and his wife both have criminal pasts, but have quit crime and are now respectable citizens. One day a member of their old gang shows up and threatens to expose them if they don't ...",5.3,609,,,,,7,
tt0006736,The Good Bad-Man,The Good Bad-Man,1916,21-04-16,"Romance, Western",50,USA,English,Allan Dwan,Douglas Fairbanks,Fine Arts Film Company,"Douglas Fairbanks, Sam De Grasse, Pomeroy Cannon, Joseph Singleton, Bessie Love, Mary Alden, George Beranger, Fred Burns","An outlaw calling himself Passin' Through halts his ""evil"" ways long enough to help out some children in difficulty.",6.6,166,,,,,5,2
tt0006745,Gretchen the Greenhorn,Gretchen the Greenhorn,1916,03-09-16,"Crime, Drama, Romance",58,USA,English,"Chester M. Franklin, Sidney Franklin",Bernard McConville,Fine Arts Film Company,"Dorothy Gish, Ralph Lewis, Eugene Pallette, Elmo Lincoln, Frank Bennett, Georgie Stone, Kate Bruce",A kindly Dutch immigrant and her bumbling father are blackmailed by a gang of counterfeiters.,5.7,479,,,,,7,1
tt0006753,The Half-Breed,The Half-Breed,1916,30-07-16,Western,73,USA,English,Allan Dwan,"Bret Harte, Anita Loos",Fine Arts Film Company,"Douglas Fairbanks, Alma Rubens, Sam De Grasse, Tom Wilson, Frank Brownlee, Jewel Carmen, George Beranger",An outcast named Lo Dorman encounters a young woman lost in the woods. He defends her from danger in the forest and from Sheriff Dunn.,6.6,147,,,,,9,6
tt0006780,Hell's Hinges,Hell's Hinges,1916,05-03-16,"Romance, Western",64,USA,English,"Charles Swickard, William S. Hart","C. Gardner Sullivan, C. Gardner Sullivan",Kay-Bee Pictures,"William S. Hart, Clara Williams, Jack Standing, Alfred Hollingsworth, Robert McKim, J. Frank Burke, Louise Glaum","In the wayward western town known as Hell's Hinges, a local tough guy is reformed by the faith of a good woman.",6.8,836,,,,,21,11
tt0006809,His Picture in the Papers,His Picture in the Papers,1916,13-02-16,Comedy,62,USA,English,John Emerson,"John Emerson, Anita Loos",Fine Arts Film Company,"Douglas Fairbanks, Clarence Handyside, Rene Boucicault, Jean Temple, Charles Butler, Loretta Blake, Homer Hunt, Helena Rupport","A young man can only get the woman he loves if he becomes famous and manages to get his picture in the newspapers. He determines to let nothing stand in the way of his doing exactly that, ...",5.9,127,"$42,600 ",,,,8,4
tt0006826,Hoodoo Ann,Hoodoo Ann,1916,26-03-16,"Comedy, Drama, Romance",65,USA,English,Lloyd Ingraham,D.W. Griffith,Fine Arts Film Company,"Mae Marsh, Robert Harron, William H. Brown, Wilbur Higby, Loyola O'Connor, Mildred Harris, Pearl Elmore, Anna Dodge, Charles Lee, Elmo Lincoln, Robert Lawler, Carl Stockdale","A little orphan girl believes that her life is falling apart. It seems that everything that could possibly go wrong does go wrong. However, certain things happen that begin to make her ...",5.6,837,,,,,12,
tt0006864,Intolerance,Intolerance: Love's Struggle Throughout the Ages,1916,24-02-18,"Drama, History",163,USA,English,D.W. Griffith,"D.W. Griffith, Anita Loos",Triangle Film Corporation,"Lillian Gish, Mae Marsh, Robert Harron, F.A. Turner, Sam De Grasse, Vera Lewis, Mary Alden, Eleanor Washington, Pearl Elmore, Lucille Browne, Julia Mackley, Miriam Cooper, Walter Long, Tom Wilson, Ralph Lewis","The story of a poor young woman, separated by prejudice from her husband and baby, is interwoven with tales of intolerance from throughout history.",7.8,13875,"$385,907 ",,,99,111,77
tt0006886,Judex,Judex,1916,19-01-17,"Adventure, Crime",300,France,French,Louis Feuillade,"Arthur Bern??de, Louis Feuillade",Soci??t?? des Etablissements L. Gaumont,"Ren?? Crest??, Musidora, Ren?? Poyen, ??douard Math??, Gaston Michel, Yvonne Dario, Yvette Andr??yor, Juliette Clarens, Jean Devalde, Georges Flateau, Louis Leubas, Marcel L??vesque, Olinda Mano",A twelve part serial following the adventures of the masked vigilante Judex as he fights against criminals led by the corrupt banker Favrauxom.,7.4,867,,,,,11,15
tt0007047,The Matrimaniac,The Matrimaniac,1916,16-12-16,"Comedy, Romance",46,USA,English,Paul Powell,"Octavus Roy Cohen, John Emerson",Fine Arts Film Company,"Douglas Fairbanks, Constance Talmadge, Wilbur Higby, Fred Warren, Clyde E. Hopkins, Winifred Westover","A young couple attempts to elope, with the bride's irate father in hot pursuit. The train stops briefly and the young man dashes off to find a minister, but before he can get himself and ...",6,573,,,,,6,
tt0007183,Pikovaya dama,Pikovaya dama,1916,01-04-16,"Drama, Fantasy, Horror",63,Russia,Russian,Yakov Protazanov,"Alexander Pushkin, Fyodor Otsep",,"Tamara Duvan, Ivan Mozzhukhin, Vera Orlova, Nikolai Panov, Polycarpe Pavloff, Yelizaveta Shebueva","While hosting a game of cards one night, Narumov tells his friends a story about his grandmother, a Countess. As a young woman, she had once incurred an enormous gambling debt, which she ...",7,610,,,"$144,968 ",,7,5
tt0007257,Reggie Mixes In,Reggie Mixes In,1916,11-06-16,"Action, Comedy, Drama",50,USA,English,Christy Cabanne,"Robert M. Baker, Roy Somerville",Fine Arts Film Company,"Douglas Fairbanks, Bessie Love, Joseph Singleton, William Lowery, Wilbur Higby, Frank Bennett, Allan Sears, Lillian Langdon, Alma Rubens, Alberta Lee, Tom Wilson","Reggie, a wealthy young man about town, is eager for excitement, so he takes to visiting the rougher sections of the city in search of thrills. He meets and falls for a cabaret singer, but ...",4.7,564,,,,,4,
tt0007260,The Return of Draw Egan,The Return of Draw Egan,1916,15-10-16,"Action, Adventure, Romance",50,USA,English,William S. Hart,"C. Gardner Sullivan, C. Gardner Sullivan",Kay-Bee Pictures,"William S. Hart, Margery Wilson, Robert McKim, Louise Glaum, J.P. Lockney","Outlaw leader ""Draw"" Egan, believed dead, turns up in the town of Yellow Dog. The townsfolk believe him to be William Blake, a strong and law-abiding man. They appoint him sheriff to rid ...",6.5,141,,,,,6,1
tt0007309,Schuhpalast Pinkus,Schuhpalast Pinkus,1916,01-05-16,Comedy,45,Germany,German,Ernst Lubitsch,"Hanns Kr??ly, Erich Sch??nfelder",Projektions-AG Union (PAGU),"Ernst Lubitsch, Else Kentner, Guido Herzfeld, Ossi Oswalda, Hanns Kr??ly, Fritz Rasp, Erich Sch??nfelder","Sally Pinkus is an German-Jewish boy who takes a job as a shoe store clerk after being expelled from school for goofing around. Soon fired for trying to court the owner's daughter, Pinkus ...",5.6,183,,,,,2,1
tt0007338,Sherlock Holmes,Sherlock Holmes,1916,15-05-16,Mystery,116,USA,English,Arthur Berthelet,"H.S. Sheldon, William Gillette",The Essanay Film Manufacturing Company,"William Gillette, Marjorie Kay, Ernest Maupain, Edward Fielding, Mario Majeroni, Grace Reals, William Postance, Stewart Robbins, Burford Hampden, Chester Beery, Frank Hamilton, Fred Malatesta, Leona Ball, Hugh Thompson, Ludwig Kreiss","When a couple of swindlers hold young Alice Faulkner against her will in order to discover the whereabouts of letters which could spell scandal for the royal family, Sherlock Holmes is on the case.",6.4,313,,,,,10,16
tt0007340,Shoes,Shoes,1916,26-06-16,Drama,60,USA,English,Lois Weber,"Stella Wynne Herron, Jane Addams",Universal Film Manufacturing Company,"Mary MacLaren, Harry Griffith, Mattie Witting, Jessie Arnold, William V. Mong","A young working girl must support her family on only five dollars (~ $120 in 2020) a week. The strain of trying to feed, house and clothe her mother, her father and three sisters finally ...",6.8,342,,,,,3,7
tt0007361,Snow White,Snow White,1916,25-12-16,"Fantasy, Romance",63,USA,English,J. Searle Dawley,"Winthrop Ames, Winthrop Ames",Famous Players Film Company,"Dorothy Cumming, Creighton Hale, Lionel Braham, Alice Washburn, Marguerite Clark","Snow White is a motherless princess, who arouses the jealousy and hatred of Mary Jane, her mother's former lady-in-waiting, who is the ugliest woman in the kingdom, but aspires to the ...",6.2,349,,,,,13,5
tt0007367,The Social Secretary,The Social Secretary,1916,17-09-16,"Comedy, Drama",52,USA,English,John Emerson,"John Emerson, Anita Loos",Fine Arts Film Company,"Norma Talmadge, Kate Lester, Helen Weir, Gladden James, Herbert French, Erich von Stroheim, Nathaniel Sack","To avoid unwanted attention at her next job, a young professional disguises herself, leading to some unintended consequences.",5.3,509,,,,,11,2
tt0007522,Vingarne,Vingarne,1916,04-09-16,Drama,69,Sweden,,Mauritz Stiller,"Herman Bang, Axel Esbensen",Svenska Biografteatern AB,"Nils Asther, Lili Beck, Egil Eide, Lars Hanson, Julius H??lsig, Julius Jaenzon, Bertil Junggren, Albin Lav??n, Mauritz Stiller","An adaptation of Herman Bang's 1902 novel ""Mika?®l."" A sculptor befriends a young painter who becomes his model. Their friendship is thrown into turmoil when they both fall in love with the same woman.",5.8,100,,,,,3,
tt0007558,Where Are My Children?,Where Are My Children?,1916,01-05-16,Drama,62,USA,English,"Phillips Smalley, Lois Weber","Lucy Payton, Franklyn Hall",Lois Weber Productions,"Tyrone Power Sr., Mrs. Tyrone Power, Marie Walcamp, Cora Drew, Rena Rogers, Alva D. Blake, Juan de la Cruz, C. Norman Hammond, William J. Hope, Marjorie Blynn, William Haben",A District Attorney's outspoken stand on abortion gets him in trouble with the local community.,6.3,591,,,,,25,7
tt0007610,'49-'17,'49-'17,1917,15-10-17,"Drama, Western",61,USA,English,Ruth Ann Baldwin,"William Wallace Cook, Ruth Ann Baldwin",Universal Film Manufacturing Company,"Joseph W. Girard, Leo Pierson, William Dyer, Mattie Witting, George C. Pearce, Jean Hersholt, Donna Drew",A retired judge comes West to restore a ghost town.,5.9,267,,,,,12,2
tt0007755,Bucking Broadway,Bucking Broadway,1917,24-12-17,Western,53,USA,English,John Ford,George Hively,Universal Film Manufacturing Company,"Harry Carey, Molly Malone, L.M. Wells, Vester Pegg, William Steele",A ranch foreman battles a rich stockbroker for the affections of a beautiful young woman.,6,468,,,,,9,7
tt0007801,Cleopatra,Cleopatra,1917,14-10-17,"Biography, Drama, History",125,USA,English,J. Gordon Edwards,"Adrian Johnson, ??mile Moreau",Fox Film Corporation,"Theda Bara, Fritz Leiber, Thurston Hall, Alan Roscoe, Herschel Mayall, Dorothy Drake, Delle Duncan, Henri De Vries, Art Acord, Hector V. Sarno, Genevieve Blinn","The story of Cleopatra, the fabulous queen of Egypt, and the epic romances between her and the greatest men of Rome, Julius Caesar and Antony.",6.5,298,"$500,000 ",,,,3,3
tt0007983,Furcht,Furcht,1917,12-11-17,Horror,72,Germany,,Robert Wiene,Robert Wiene,,"Bruno Decarli, Bernhard Goetzke, Mechthildis Thein, Conrad Veidt","After years travelling the world, Count Greven returns home with the art treasures he has collected. But his disposition has altered dramatically and he is a troubled man. Will he suffer ...",6.1,129,,,,,3,
tt0008011,A Girl's Folly,A Girl's Folly,1917,26-02-17,Comedy,65,USA,,Maurice Tourneur,"Frances Marion, Maurice Tourneur",Paragon Films,"Robert Warwick, Doris Kenyon, June Elvidge, Jane Adair, Chester Barnett, Johnny Hines","A restless young girl yearns to leave her rural environment and ""get away from it all"". One day she stumbles upon a film crew shooting a western near her home. She makes friends with the ...",6.1,135,,,,,8,2
tt0008100,L'astronave,Himmelskibet,1918,22-02-18,"Adventure, Fantasy, Sci-Fi",97,Denmark,,Holger-Madsen,"Sophus Micha?®lis, Sophus Micha?®lis",Nordisk Film,"Gunnar Toln??s, Zanny Petersen, Nicolai Neiiendam, Alf Bl?¬techer, Svend Kornbeck, Philip Bech, Lilly Jacobson, Frederik Jacobsen, Birger von Cotta-Sch??nberg, Albert Paul","A group of researchers from Earth travel in a spaceship to Mars, where, to big surprise, they find a peaceful vegetarian and pacifist civilization.",6.5,585,,,,,14,13
tt0008150,Joan the Woman,Joan the Woman,1916,25-12-16,"Adventure, Drama, History",138,USA,English,Cecil B. DeMille,"Jeanie Macpherson, William C. de Mille",Paramount Pictures,"Geraldine Farrar, Raymond Hatton, Hobart Bosworth, Theodore Roberts, Wallace Reid, Charles Clary, James Neill, Tully Marshall, Lawrence Peyton, Horace B. Carpenter, Cleo Ridgely, Lillian Leighton, Marjorie Daw, Ernest Joy, John Oaker","A WWI English officer is inspired the night before a dangerous mission by a vision of Joan of Arc, whose story he relives.",6.5,501,"$302,976 ",,,,17,8
tt0008188,The Little American,The Little American,1917,12-07-17,"Drama, Romance, War",80,USA,English,"Cecil B. DeMille, Joseph Levering",Jeanie Macpherson,Mary Pickford Company,"Mary Pickford, Jack Holt, Raymond Hatton, Hobart Bosworth, Walter Long, James Neill, Ben Alexander, Guy Oliver, Edythe Chapman, Lillian Leighton, DeWitt Jennings","A young American has her ship torpedoed by a German U-boat but makes it back to ancestral home in France, where she witnesses German brutality firsthand.",5.9,608,"$166,949 ",,,,12,5
tt0008196,The Little Princess,The Little Princess,1917,11-11-17,Drama,62,USA,English,Marshall Neilan,"Frances Hodgson Burnett, Frances Marion",Mary Pickford Company,"Mary Pickford, Norman Kerry, Katherine Griffith, Anne Schaefer, Zasu Pitts, W.E. Lawrence, Theodore Roberts, Gertrude Short, Gustav von Seyffertitz, Loretta Blake, George A. McDaniel","Little Sara Crewe is placed in a boarding school by her father when he goes off to war, but he does not understand that the headmistress is a cruel, spiteful woman who makes life miserable ...",5.7,638,,,,,4,2
tt0008279,Desiderata,Mater dolorosa,1917,07-03-17,Drama,80,France,,Abel Gance,Abel Gance,Films de France,"Emmy Lynn, Firmin G??mier, Armand Tallier, Anthony Gild??s, Paul Vermoyal, Gaston Modot, Antonin Car??ne, Antonin Artaud, Francia Seguy",Sad story of an unfaithful wife and her subsequent sufferings as a mother.,6.4,109,,,,,3,1
